{"cameraMode":{"drawMode":0,"name":"Shaded","section":"Shading Mode"},"sceneLighting":true,"audioPlay":false,"sceneViewState":{"showFog":true,"showMaterialUpdate":false,"showSkybox":true,"showFlares":true,"showImageEffects":true,"showParticleSystems":true},"in2DMode":false,"pivot":{"x":0.4187983274459839,"y":0.16850519180297852,"z":0.4407491683959961},"rotation":{"x":-0.1843501627445221,"y":-0.07774727046489716,"z":0.01463030930608511,"w":-0.9796740412712097},"size":3.2660250663757326,"orthographic":false}